<?xml version="1.0" encoding="UTF-8"?>
<knowledge>
	<r>(signature 	:atomic-concepts (chien aboyer bruyamment ventes pomme sac plein vide gouvernement turque velo bicyclette rouge grand petit chat jean homme piece technicien route chemin avoir rafraichir augmenter decliner manger devorer baisser etre-sur rafraichi baisser-temperature etat) :roles (Sujet Objet Taille Temperature Maniere))</r>
	<r>(equivalent velo bicyclette)</r>
	<r>(equivalent route chemin)</r>
	<r>(disjoint petit grand)</r>
	<r>(disjoint plein vide)</r>
	<r>(disjoint decliner augmenter)</r>
	<r>(implies jean homme)</r>
	<r>(implies devorer manger)</r>
	<r>(equivalent (some (inv Objet) rafraichir) (some temperature baisser))</r>
	<r>(equivalent rafraichir baisser-temperature)</r>
</knowledge>