<?xml version="1.0" encoding="UTF-8"?>
<!-- Pour value il y a trois valeurs possibles:
			- "equiv" : les deux phrases s'impliquent mutuellements
			- "impl"   : la premiere phrase implique la seconde mais l'inverse n'est pas vrai
			- "diff"   : aucune des phrases n'implique l'autre
		-->
<entailment-corpus>
	<types>
		<type ref="SemLex" name="Sémantique lexicale" />
		<type ref="Syn" name="Synonymes" parent="SemLex" />
		<type ref="Dem" name="Démonymes" parent="SemLex" />
		<type ref="Ant" name="Antomymes" parent="SemLex" />
		<type ref="HypTro" name="Hyperonymes Troponymes" />
		<type ref="SynSemmor" name="Syntaxe et Semantique morphodérivationnelle" />
		<type ref="NomVer" name="Nom Verbe" parent="SynSemmor" />
		<type ref="AdjAdv" name="Adjectif Adverbe" parent="SynSemmor" />
		<type ref="Conneg" name="Contextes négatifs" />
		<type ref="Antver" name="Antonymes verbaux" parent="Conneg" />
		<type ref="Antadj" name="Antonymes adjetivaux" parent="Conneg" />
		<type ref="Confac" name="Contextes factifs" />
		<type ref="Conmod" name="Contextes modaux" />
		<type ref="Argman" name="Arguments manquants" />
		<type ref="Cir" name="Circonstants" />
		<type ref="Test" name="Test" />
	</types>
	<sources>
		<source ref="cg" name="Claire Gardent" />
		<source ref="pb" name="Paul Bedaride" />
		<source ref="uni" name="University of Illinois at Urbana-Champaign" />
		<source ref="rte-CD" name="Recognising Textual Entailment Challenge - Comparable Documents" />
		<source ref="rte-IE" name="Recognising Textual Entailment Challenge - Information Extraction" />
		<source ref="rte-IR" name="Recognising Textual Entailment Challenge - Information Retrieval" />
		<source ref="rte-MT" name="Recognising Textual Entailment Challenge - Machine Translation" />
		<source ref="rte-PP" name="Recognising Textual Entailment Challenge - Paraphrase Acquisition" />
		<source ref="rte-QA" name="Recognising Textual Entailment Challenge - Question Answering" />
		<source ref="rte-RC" name="Recognising Textual Entailment Challenge - Reading Comprehension" />
	</sources>
	<pairs>
		<pair id="t1" value="equiv" type="Test" src="pb">
			<t>
				<fr>il y a une bicyclette sur deux chemins, et il y a une autre bicyclette sur l'un de ces chemins.</fr>
				<dl>
					<r>(signature :individuals (e1 e2 e3 e4 v1 v2))</r>
					<r>(instance e1 bicyclette)</r>
					<r>(instance e2 bicyclette)</r>
					<r>(instance e3 chemin)</r>
					<r>(instance e4 chemin)</r>
					<r>(instance v1 etre-sur)</r>
					<r>(instance v2 etre-sur)</r>
					<r>(related v1 e1 Sujet)</r>
					<r>(related v1 e3 Objet)</r>
					<r>(related v1 e4 Objet)</r>
					<r>(related v2 e2 Sujet)</r>
					<r>(related v2 e4 Objet)</r>
				</dl>
			</t>
			<h>
				<fr>il y a un velo sur deux routes, et il y a un autre velo sur l'une de ces routes.</fr>
				<dl>
					<r>(signature :individuals (e1 e2 e3 e4 v1 v2))</r>
					<r>(instance e1 velo)</r>
					<r>(instance e2 velo)</r>
					<r>(instance e3 route)</r>
					<r>(instance e4 route)</r>
					<r>(instance v1 etre-sur)</r>
					<r>(instance v2 etre-sur)</r>
					<r>(related v1 e1 Sujet)</r>
					<r>(related v1 e3 Objet)</r>
					<r>(related v1 e4 Objet)</r>
					<r>(related v2 e2 Sujet)</r>
					<r>(related v2 e4 Objet)</r>
				</dl>
			</h>
		</pair>
		<pair id="t2" value="impl" type="Test" src="pb">
			<t>
				<fr>Le chat est grand.</fr>
				<dl>
					<r>(signature :individuals (e1 e2 v1))</r>
					<r>(instance e1 chat)</r>
					<r>(instance e2 grand)</r>
					<r>(instance v1 etat)</r>
					<r>(related v1 e1 Sujet)</r>
					<r>(related v1 e2 Taille)</r>
				</dl>
			</t>
			<h>
				<fr>Le chat n'est pas petit.</fr>
				<dl>
					<r>(signature :individuals (e1 e2 v1))</r>
					<r>(instance e1 chat)</r>
					<r>(instance e2 (not petit))</r>
					<r>(instance v1 etat)</r>
					<r>(related v1 e1 Sujet)</r>
					<r>(related v1 e2 Taille)</r>
				</dl>
			</h>
		</pair>
		<pair id="t3" value="diff" type="Test" src="pb">
			<t>
				<fr>Le chat est grand.</fr>
				<dl>
					<r>(signature :individuals (e1 e2 v1))</r>
					<r>(instance e1 chat)</r>
					<r>(instance e2 grand)</r>
					<r>(instance v1 etat)</r>
					<r>(related v1 e1 Sujet)</r>
					<r>(related v1 e2 Taille)</r>
				</dl>
			</t>
			<h>
				<fr>Le chat est petit.</fr>
				<dl>
					<r>(signature :individuals (e1 e2 v1))</r>
					<r>(instance e1 chat)</r>
					<r>(instance e2 petit)</r>
					<r>(instance v1 etat)</r>
					<r>(related v1 e1 Sujet)</r>
					<r>(related v1 e2 Taille)</r>
				</dl>
			</h>
		</pair>
		<pair id="t4" value="equiv" type="Test" src="pb">
			<t>
				<fr>Le technicien baisse la temperature de la piece.</fr>
				<dl>
					<r>(signature :individuals (e1 e2 e3 v1))</r>
					<r>(instance e1 technicien)</r>
					<r>(instance e2 piece)</r>
					<r>(instance e3 baisser)</r>
					<r>(instance v1 baisser-temperature)</r>
					<r>(related v1 e1 Sujet)</r>
					<r>(related v1 e2 Objet)</r>
					<r>(related e2 e3 Temperature)</r>
				</dl>
			</t>
			<h>
				<fr>Le technicien rafraichi la piece.</fr>
				<dl>
					<r>(signature :individuals (e1 e2 v1))</r>
					<r>(instance e1 technicien)</r>
					<r>(instance e2 piece)</r>
					<r>(instance v1 rafraichir)</r>
					<r>(related v1 e1 Sujet)</r>
					<r>(related v1 e2 Objet)</r>
				</dl>
			</h>
		</pair>
		<pair id="1" value="equiv" type="Syn" src="cg">
			<t>
				<fr>Jean a un velo rouge.</fr>
				<dl>
					<r>(signature :individuals (et1 et2 vt1))</r>
					<r>(instance et1 jean)</r>
					<r>(instance et2 (and velo rouge))</r>
					<r>(instance vt1 avoir)</r>
					<r>(related vt1 et1 Sujet)</r>
					<r>(related vt1 et2 Objet)</r>
				</dl>
			</t>
			<h>
				<fr>Jean a une bicyclette rouge.</fr>
				<dl>
					<r>(signature :individuals (eh1 eh2 vh1))</r>
					<r>(instance eh1 jean)</r>
					<r>(instance eh2 (and bicyclette rouge))</r>
					<r>(instance vh1 avoir)</r>
					<r>(related vh1 eh1 Sujet)</r>
					<r>(related vh1 eh2 Objet)</r>
				</dl>
			</h>
		</pair>
		<pair id="2" value="equiv" type="Dem" src="cg">
			<t>
				<fr>Le gouvernement de Turquie.</fr>
				<dl>
					<r>(signature :individuals (et1))</r>
					<r>(instance et1 (and gouvernement turque))</r>
				</dl>
			</t>
			<h>
				<fr>Le gouvernement turque.</fr>
				<dl>
					<r>(signature :individuals (eh1))</r>
					<r>(instance eh1 (and gouvernement turque))</r>
				</dl>
			</h>  
		</pair>
		<pair id="3" value="impl" type="Ant" src="cg">
			<t>
				<fr>Le sac est plein.</fr>
				<dl>
					<r>(signature :individuals (et1))</r>
					<r>(instance et1 (and sac plein))</r>
				</dl>
			</t>
			<h>
				<fr>Le sac n'est pas vide.</fr>
				<dl>
					<r>(signature :individuals (eh1))</r>
					<r>(instance eh1 (and sac (not vide)))</r>
				</dl>
			</h>
		</pair>
		<pair id="4" value="impl" type="HypTro" src="cg">
			<t>
				<fr>Jean devore une pomme.</fr>
				<dl>
					<r>(signature :individuals (et1 et2 vt1))</r>
					<r>(instance et1 jean)</r>
					<r>(instance et2 pomme)</r>
					<r>(instance vt1 devorer)</r>
					<r>(related vt1 et1 Sujet)</r>
					<r>(related vt1 et2 Objet)</r>
				</dl>
			</t>
			<h>
				<fr>Jean mange une pomme.</fr>
				<dl>
					<r>(signature :individuals (eh1 eh2 vh1))</r>
					<r>(instance eh1 jean)</r>
					<r>(instance eh2 pomme)</r>
					<r>(instance vh1 manger)</r>
					<r>(related vh1 eh1 Sujet)</r>
					<r>(related vh1 eh2 Objet)</r>
				</dl>
			</h>  
		</pair>
		<pair id="8.1" value="impl" type="Antver" src="cg">
			<t>
				<fr>Les ventes augmentent.</fr>
				<dl>
					<r>(signature :individuals (et1 vt1))</r>
					<r>(instance et1 ventes)</r>
					<r>(instance vt1 augmenter)</r>
					<r>(related vt1 et1 Sujet)</r>
				</dl>
			</t>
			<h>
				<fr>Les ventes ne declinent pas.</fr>
				<dl>
					<r>(signature :individuals (eh1 vh1))</r>
					<r>(instance eh1 ventes)</r>
					<r>(instance vh1 (not decliner))</r>
					<r>(related vh1 eh1 Sujet)</r>
				</dl>
			</h>
		</pair>
		<pair id="8.2" value="diff" type="Antver" src="cg">
			<t>
				<fr>Les ventes augmentent.</fr>
				<dl>
					<r>(signature :individuals (et1 vt1))</r>
					<r>(instance et1 ventes)</r>
					<r>(instance vt1 augmenter)</r>
					<r>(related vt1 et1 Sujet)</r>
				</dl>
			</t>
			<h>
				<fr>Les ventes declinent.</fr>
				<dl>
					<r>(signature :individuals (eh1 vh1))</r>
					<r>(instance eh1 ventes)</r>
					<r>(instance vh1 decliner)</r>
					<r>(related vh1 eh1 Sujet)</r>
				</dl>
			</h>
		</pair>
		<pair id="15.1" value="impl" type="Cir" src="cg">
			<t>
				<fr>Le chien aboie bruyamment.</fr>
				<dl>
					<r>(signature :individuals (et1 et2 vt1))</r>
					<r>(instance et1 chien)</r>
					<r>(instance et2 bruyamment)</r>
					<r>(instance vt1 aboyer)</r>
					<r>(related vt1 et1 Sujet)</r>
					<r>(related vt1 et2 Maniere)</r>
				</dl>
			</t>
			<h>
				<fr>Le chien aboie.</fr>
				<dl>
					<r>(signature :individuals (eh1 vh1))</r>
					<r>(instance eh1 chien)</r>
					<r>(instance vh1 aboyer)</r>
					<r>(related vh1 eh1 Sujet)</r>
				</dl>
			</h>
		</pair>
		<pair id="15.2" value="impl" type="Cir" src="cg">
			<t>
				<fr>Le chien n'aboie pas.</fr>
				<dl>
					<r>(signature :individuals (eh1 vh1))</r>
					<r>(instance eh1 chien)</r>
					<r>(instance vh1 (not aboyer))</r>
					<r>(related vh1 eh1 Sujet)</r>
				</dl>
			</t>
			<h>
				<fr>Le chien n'aboie pas bruyamment.</fr>
				<dl>
					<r>(signature :individuals (et1 et2 vt1))</r>
					<r>(instance et1 chien)</r>
					<r>(instance et2 bruyamment)</r>
					<r>(instance vt1 (not aboyer))</r>
					<r>(related vt1 et1 Sujet)</r>
					<r>(related vt1 et2 Maniere)</r>
				</dl>
			</h>
		</pair>
	</pairs>
</entailment-corpus>