<?xml version="1.0" encoding="UTF-8"?>
<knowledge>
	<s>(signature 	:atomic-concepts (chien aboyer bruyamment gentillement ventes pomme sac plein vide gouvernement turque velo bicyclette rouge grand petit chat jean homme piece technicien route chemin avoir rafraichir augmenter decliner manger devorer baisser etre-sur rafraichi baisser-temperature etat) :roles (Sujet Objet Taille Temperature))</s>
	<r>(equivalent (some (inv Objet) rafraichir) (some temperature baisser))</r>
	<r>(equivalent rafraichir baisser-temperature)</r>
	<r>(equivalent velo bicyclette)</r>
	<r>(equivalent route chemin)</r>
	<r>(implies grand (not petit))</r>
	<r>(implies petit (not grand))</r>
	<r>(implies plein (not vide))</r>
	<r>(implies vide (not plein))</r>
	<r>(implies augmenter (not decliner))</r>
	<r>(implies decliner (not augmenter))</r>
	<r>(implies jean homme)</r>
	<r>(implies devorer manger)</r>
</knowledge>