<?xml version="1.0" encoding="UTF-8"?>
<!-- Pour value il y a trois valeurs possibles:
			- "equiv" : les deux phrases s'impliquent mutuellements
			- "impl"   : la premiere phrase implique la seconde mais l'inverse n'est pas vrai
			- "diff"   : aucune des phrases n'implique l'autre
		-->
<entailment-corpus>
	<types>
		<type ref="SemLex" name="Sémantique lexicale" />
		<type ref="Syn" name="Synonymes" parent="SemLex" />
		<type ref="Dem" name="Démonymes" parent="SemLex" />
		<type ref="Ant" name="Antomymes" parent="SemLex" />
		<type ref="HypTro" name="Hyperonymes Troponymes" />
		<type ref="SynSemmor" name="Syntaxe et Semantique morphodérivationnelle" />
		<type ref="NomVer" name="Nom Verbe" parent="SynSemmor" />
		<type ref="AdjAdv" name="Adjectif Adverbe" parent="SynSemmor" />
		<type ref="Conneg" name="Contextes négatifs" />
		<type ref="Antver" name="Antonymes verbaux" parent="Conneg" />
		<type ref="Antadj" name="Antonymes adjetivaux" parent="Conneg" />
		<type ref="Confac" name="Contextes factifs" />
		<type ref="Conmod" name="Contextes modaux" />
		<type ref="Argman" name="Arguments manquants" />
		<type ref="Cir" name="Circonstants" />
		<type ref="Test" name="Test" />
	</types>
	<sources>
		<source ref="cg" name="Claire Gardent" />
		<source ref="pb" name="Paul Bedaride" />
		<source ref="uni" name="University of Illinois at Urbana-Champaign" />
		<source ref="rte-CD" name="Recognising Textual Entailment Challenge - Comparable Documents" />
		<source ref="rte-IE" name="Recognising Textual Entailment Challenge - Information Extraction" />
		<source ref="rte-IR" name="Recognising Textual Entailment Challenge - Information Retrieval" />
		<source ref="rte-MT" name="Recognising Textual Entailment Challenge - Machine Translation" />
		<source ref="rte-PP" name="Recognising Textual Entailment Challenge - Paraphrase Acquisition" />
		<source ref="rte-QA" name="Recognising Textual Entailment Challenge - Question Answering" />
		<source ref="rte-RC" name="Recognising Textual Entailment Challenge - Reading Comprehension" />
	</sources>
	<pairs>
		<pair id="t1" value="equiv" type="Test" src="pb">
			<t>
				<fr>il y a une bicyclette sur deux chemins, et il y a une autre bicyclette sur l'un de ces chemins.</fr>
				<dl>
					<individuals>
						<ind name="e1">bicyclette</ind>
						<ind name="e2">bicyclette</ind>
						<ind name="e3">chemin</ind>
						<ind name="e4">chemin</ind>
						<ind name="v1">etre-sur</ind>
						<ind name="v2">etre-sur</ind>
					</individuals>
					<relations>
						<rel name="Sujet" from="v1" to="e1"/>
						<rel name="Objet" from="v1" to="e3"/>
						<rel name="Objet" from="v1" to="e4"/>
						<rel name="Sujet" from="v2" to="e2"/>
						<rel name="Objet" from="v2" to="e4"/>
					</relations>
				</dl>
			</t>
			<h>
				<fr>il y a un velo sur deux routes, et il y a un autre velo sur l'une de ces routes.</fr>
				<dl>
					<individuals>
						<ind name="e1">velo</ind>
						<ind name="e2">velo</ind>
						<ind name="e3">route</ind>
						<ind name="e4">route</ind>
						<ind name="v1">etre-sur</ind>
						<ind name="v2">etre-sur</ind>
					</individuals>
					<relations>
						<rel name="Sujet" from="v1" to="e1"/>
						<rel name="Objet" from="v1" to="e3"/>
						<rel name="Objet" from="v1" to="e4"/>
						<rel name="Sujet" from="v2" to="e2"/>
						<rel name="Objet" from="v2" to="e4"/>
					</relations>
				</dl>
			</h>
		</pair>
		<pair id="t2" value="impl" type="Test" src="pb">
			<t>
				<fr>Le chat est grand.</fr>
				<dl>
					<individuals>
						<ind name="e1">chat</ind>
						<ind name="e2">grand</ind>
						<ind name="v1">etat</ind>
					</individuals>
					<relations>
						<rel name="Sujet" from="v1" to="e1"/>
						<rel name="Taille" from="v1" to="e2"/>
					</relations>
				</dl>
			</t>
			<h>
				<fr>Le chat n'est pas petit.</fr>
				<dl>
					<individuals>
						<ind name="e1">chat</ind>
						<ind name="e2">(not petit)</ind>
						<ind name="v1">etat</ind>
					</individuals>
					<relations>
						<rel name="Sujet" from="v1" to="e1"/>
						<rel name="Taille" from="v1" to="e2"/>
					</relations>
				</dl>
			</h>
		</pair>
		<pair id="t3" value="diff" type="Test" src="pb">
			<t>
				<fr>Le chat est grand.</fr>
				<dl>
					<individuals>
						<ind name="e1">chat</ind>
						<ind name="e2">grand</ind>
						<ind name="v1">etat</ind>
					</individuals>
					<relations>
						<rel name="Sujet" from="v1" to="e1"/>
						<rel name="Taille" from="v1" to="e2"/>
					</relations>
				</dl>
			</t>
			<h>
				<fr>Le chat est petit.</fr>
				<dl>
					<individuals>
						<ind name="e1">chat</ind>
						<ind name="e2">petit</ind>
						<ind name="v1">etat</ind>
					</individuals>
					<relations>
						<rel name="Sujet" from="v1" to="e1"/>
						<rel name="Taille" from="v1" to="e2"/>
					</relations>
				</dl>
			</h>
		</pair>
		<pair id="t4" value="equiv" type="Test" src="pb">
			<t>
				<fr>Le technicien baisse la temperature de la piece.</fr>
				<dl>
					<individuals>
						<ind name="e1">technicien</ind>
						<ind name="e2">piece</ind>
						<ind name="e3">baisser</ind>
						<ind name="v1">baisser-temperature</ind>
					</individuals>
					<relations>
						<rel name="Sujet" from="v1" to="e1"/>
						<rel name="Objet" from="v1" to="e2"/>
						<rel name="Temperature" from="e2" to="e3"/>
					</relations>
				</dl>
			</t>
			<h>
				<fr>Le technicien rafraichi la piece.</fr>
				<dl>
					<individuals>
						<ind name="e1">technicien</ind>
						<ind name="e2">piece</ind>
						<ind name="v1">rafraichir</ind>
					</individuals>
					<relations>
						<rel name="Sujet" from="v1" to="e1"/>
						<rel name="Objet" from="v1" to="e2"/>
					</relations>
				</dl>
			</h>
		</pair>
		<pair id="1" value="equiv" type="Syn" src="cg">
			<t>
				<fr>Jean a un velo rouge.</fr>
				<dl>
					<individuals>
						<ind name="e1">jean</ind>
						<ind name="e2">(and velo rouge)</ind>
						<ind name="v1">avoir</ind>
					</individuals>
					<relations>
						<rel name="Sujet" from="v1" to="e1"/>
						<rel name="Objet" from="v1" to="e2"/>
					</relations>
				</dl>
			</t>
			<h>
				<fr>Jean a une bicyclette rouge.</fr>
				<dl>
					<individuals>
						<ind name="e1">jean</ind>
						<ind name="e2">(and bicyclette rouge)</ind>
						<ind name="v1">avoir</ind>
					</individuals>
					<relations>
						<rel name="Sujet" from="v1" to="e1"/>
						<rel name="Objet" from="v1" to="e2"/>
					</relations>
				</dl>
			</h>
		</pair>
		<pair id="2" value="equiv" type="Dem" src="cg">
			<t>
				<fr>Le gouvernement de Turquie.</fr>
				<dl>
					<individuals>
						<ind name="e1">(and gouvernement turque)</ind>
					</individuals>
				</dl>
			</t>
			<h>
				<fr>Le gouvernement turque.</fr>
				<dl>
					<individuals>
						<ind name="e1">(and gouvernement turque)</ind>
					</individuals>
				</dl>
			</h>  
		</pair>
		<pair id="3" value="impl" type="Ant" src="cg">
			<t>
				<fr>Le sac est plein.</fr>
				<dl>
					<individuals>
						<ind name="e1">(and sac plein)</ind>
					</individuals>
				</dl>
			</t>
			<h>
				<fr>Le sac n'est pas vide.</fr>
				<dl>
					<individuals>
						<ind name="e1">(and sac (not vide))</ind>
					</individuals>
				</dl>
			</h>
		</pair>
		<pair id="4" value="impl" type="HypTro" src="cg">
			<t>
				<fr>Jean devore une pomme.</fr>
				<dl>
					<individuals>
						<ind name="e1">jean</ind>
						<ind name="e2">pomme</ind>
						<ind name="v1">devorer</ind>
					</individuals>
					<relations>
						<rel name="Sujet" from="v1" to="e1"/>
						<rel name="Objet" from="v1" to="e2"/>
					</relations>
				</dl>
			</t>
			<h>
				<fr>Jean mange une pomme.</fr>
				<dl>
					<individuals>
						<ind name="e1">jean</ind>
						<ind name="e2">pomme</ind>
						<ind name="v1">manger</ind>
					</individuals>
					<relations>
						<rel name="Sujet" from="v1" to="e1"/>
						<rel name="Objet" from="v1" to="e2"/>
					</relations>
				</dl>
			</h>  
		</pair>
		<pair id="8.1" value="impl" type="Antver" src="cg">
			<t>
				<fr>Les ventes augmentent.</fr>
				<dl>
					<individuals>
						<ind name="e1">ventes</ind>
						<ind name="v1">augmenter</ind>
					</individuals>
					<relations>
						<rel name="Sujet" from="v1" to="e1"/>
					</relations>
				</dl>
			</t>
			<h>
				<fr>Les ventes ne declinent pas.</fr>
				<dl>
					<individuals>
						<ind name="e1">ventes</ind>
						<ind name="v1">(not decliner)</ind>
					</individuals>
					<relations>
						<rel name="Sujet" from="v1" to="e1"/>
					</relations>
				</dl>
			</h>
		</pair>
		<pair id="8.2" value="diff" type="Antver" src="cg">
			<t>
				<fr>Les ventes augmentent.</fr>
				<dl>
					<individuals>
						<ind name="e1">ventes</ind>
						<ind name="v1">augmenter</ind>
					</individuals>
					<relations>
						<rel name="Sujet" from="v1" to="e1"/>
					</relations>
				</dl>
			</t>
			<h>
				<fr>Les ventes declinent.</fr>
				<dl>
					<individuals>
						<ind name="e1">ventes</ind>
						<ind name="v1">decliner</ind>
					</individuals>
					<relations>
						<rel name="Sujet" from="v1" to="e1"/>
					</relations>
				</dl>
			</h>
		</pair>
		<pair id="15.1" value="impl" type="Cir" src="cg">
			<t>
				<fr>Le chien aboie bruyamment.</fr>
				<dl>
					<individuals>
						<ind name="e1">chien</ind>
						<ind name="v1">(and aboyer bruyamment)</ind>
					</individuals>
					<relations>
						<rel name="Sujet" from="v1" to="e1"/>
					</relations>
				</dl>
			</t>
			<h>
				<fr>Le chien aboie.</fr>
				<dl>
					<individuals>
						<ind name="e1">chien</ind>
						<ind name="v1">aboyer</ind>
					</individuals>
					<relations>
						<rel name="Sujet" from="v1" to="e1"/>
					</relations>
				</dl>
			</h>
		</pair>
		<pair id="15.2" value="impl" type="Cir" src="cg">
			<t>
				<fr>Le chien n'aboie pas.</fr>
				<dl>
					<individuals>
						<ind name="e1">chien</ind>
						<ind name="v1">(not aboyer)</ind>
					</individuals>
					<relations>
						<rel name="Sujet" from="v1" to="e1"/>
					</relations>
				</dl>
			</t>
			<h>
				<fr>Le chien n'aboie pas bruyamment.</fr>
				<dl>
					<individuals>
						<ind name="e1">chien</ind>
						<ind name="v1">(not (and aboyer bruyamment))</ind>
					</individuals>
					<relations>
						<rel name="Sujet" from="v1" to="e1"/>
					</relations>
				</dl>
			</h>
		</pair>
		<pair id="15.3" value="impl" type="Cir" src="cg">
			<t>
				<fr>Le chien aboie bruyamment et gentillement.</fr>
				<dl>
					<individuals>
						<ind name="e1">chien</ind>
						<ind name="v1">(and aboyer bruyamment gentillement)</ind>
					</individuals>
					<relations>
						<rel name="Sujet" from="v1" to="e1"/>
					</relations>
				</dl>
			</t>
			<h>
				<fr>Le chien aboie bruyamment.</fr>
				<dl>
					<individuals>
						<ind name="e1">chien</ind>
						<ind name="v1">(and aboyer bruyamment)</ind>
					</individuals>
					<relations>
						<rel name="Sujet" from="v1" to="e1"/>
					</relations>
				</dl>
			</h>
		</pair>
		<pair id="15.2" value="impl" type="Cir" src="cg">
			<t>
				<fr>Le chien n'aboie pas gentillement.</fr>
				<dl>
					<individuals>
						<ind name="e1">chien</ind>
						<ind name="v1">(not (and aboyer gentillement))</ind>
					</individuals>
					<relations>
						<rel name="Sujet" from="v1" to="e1"/>
					</relations>
				</dl>
			</t>
			<h>
				<fr>Le chien n'aboie pas bruyamment et gentillement.</fr>
				<dl>
					<individuals>
						<ind name="e1">chien</ind>
						<ind name="v1">(not (and aboyer bruyamment gentillement))</ind>
					</individuals>
					<relations>
						<rel name="Sujet" from="v1" to="e1"/>
					</relations>
				</dl>
			</h>
		</pair>
		<pair id="test" value="impl" type="Cir" src="cg">
			<t>
				<fr>Le chien n'aboie pas bruamment.(pc)</fr>
				<dl>
					<individuals>
						<ind name="e1">chien</ind>
						<ind name="v1">(and aboyer (not bruyamment))</ind>
					</individuals>
					<relations>
						<rel name="Sujet" from="v1" to="e1"/>
					</relations>
				</dl>
			</t>
			<h>
				<fr>Le chien n'aboie pas.(pc)</fr>
				<dl>
					<individuals>
						<ind name="e1">chien</ind>
						<ind name="v1">(not aboyer)</ind>
					</individuals>
					<relations>
						<rel name="Sujet" from="v1" to="e1"/>
					</relations>
				</dl>
			</h>
		</pair>
		<pair id="test" value="impl" type="Cir" src="cg">
			<t>
				<fr>Le chien n'aboie pas bruamment.(pc)</fr>
				<dl>
					<individuals>
						<ind name="e1">chien</ind>
						<ind name="v1">(and aboyer (not bruyamment))</ind>
					</individuals>
					<relations>
						<rel name="Sujet" from="v1" to="e1"/>
					</relations>
				</dl>
			</t>
			<h>
				<fr>Le chien aboie.(pc)</fr>
				<dl>
					<individuals>
						<ind name="e1">chien</ind>
						<ind name="v1">aboyer</ind>
					</individuals>
					<relations>
						<rel name="Sujet" from="v1" to="e1"/>
					</relations>
				</dl>
			</h>
		</pair>
		<pair id="test" value="impl" type="Cir" src="cg">
			<t>
				<fr>Le chien n'aboie pas bruamment.(pc)</fr>
				<dl>
					<individuals>
						<ind name="e1">chien</ind>
						<ind name="v1">(and aboyer (not bruyamment))</ind>
					</individuals>
					<relations>
						<rel name="Sujet" from="v1" to="e1"/>
					</relations>
				</dl>
			</t>
			<h>
				<fr>Le chien aboie bruyamment.(pc)</fr>
				<dl>
					<individuals>
						<ind name="e1">chien</ind>
						<ind name="v1">(and aboyer bruyamment)</ind>
					</individuals>
					<relations>
						<rel name="Sujet" from="v1" to="e1"/>
					</relations>
				</dl>
			</h>
		</pair>
		<pair id="test" value="impl" type="Cir" src="cg">
		<t>
			<fr>Le chien n'aboie pas(pc)</fr>
			<dl>
				<individuals>
					<ind name="e1">chien</ind>
					<ind name="v1">(not aboyer)</ind>
				</individuals>
				<relations>
					<rel name="Sujet" from="v1" to="e1"/>
				</relations>
			</dl>
		</t>
		<h>
			<fr>Le chien aboie.(pc)</fr>
			<dl>
				<individuals>
					<ind name="e1">chien</ind>
					<ind name="v1">aboyer</ind>
				</individuals>
				<relations>
					<rel name="Sujet" from="v1" to="e1"/>
				</relations>
			</dl>
		</h>
		</pair>
		<pair id="test" value="impl" type="Cir" src="cg">
			<t>
				<fr>Le chien n'aboie pas(pc)</fr>
				<dl>
					<individuals>
						<ind name="e1">chien</ind>
						<ind name="v1">(not aboyer)</ind>
					</individuals>
					<relations>
						<rel name="Sujet" from="v1" to="e1"/>
					</relations>
				</dl>
			</t>
			<h>
				<fr>Le chien aboie bruyamment.(pc)</fr>
				<dl>
					<individuals>
						<ind name="e1">chien</ind>
						<ind name="v1">(and aboye bruyamment)</ind>
					</individuals>
					<relations>
						<rel name="Sujet" from="v1" to="e1"/>
					</relations>
				</dl>
			</h>
		</pair>
		<pair id="test" value="impl" type="Cir" src="cg">
			<t>
				<fr>Le chien n'aboie pas.(pl)</fr>
				<dl>
					<individuals>
						<ind name="e1">chien</ind>
						<ind name="v1">(not aboyer)</ind>
					</individuals>
					<relations>
						<rel name="Sujet" from="v1" to="e1"/>
					</relations>
				</dl>
			</t>
			<h>
				<fr>Le chien n'aboie pas bruyamment.(pl)</fr>
				<dl>
					<individuals>
						<ind name="e1">chien</ind>
						<ind name="v1">(not (and aboyer bruyamment))</ind>
					</individuals>
					<relations>
						<rel name="Sujet" from="v1" to="e1"/>
					</relations>
				</dl>
			</h>
		</pair>
		<pair id="test" value="diff" type="Cir" src="cg">
			<t>
				<fr>Le chien n'aboie pas bruyamment.(pl)</fr>
				<dl>
					<individuals>
						<ind name="e1">chien</ind>
						<ind name="v1">(not (and aboyer bruyamment))</ind>
					</individuals>
					<relations>
						<rel name="Sujet" from="v1" to="e1"/>
					</relations>
				</dl>
			</t>
			<h>
				<fr>Le chien aboie.(pl)</fr>
				<dl>
					<individuals>
						<ind name="e1">chien</ind>
						<ind name="v1">aboyer</ind>
					</individuals>
					<relations>
						<rel name="Sujet" from="v1" to="e1"/>
					</relations>
				</dl>
			</h>
		</pair>
		<pair id="test" value="diff" type="Cir" src="cg">
			<t>
				<fr>Le chien n'aboie pas bruyamment.(pl)</fr>
				<dl>
					<individuals>
						<ind name="e1">chien</ind>
						<ind name="v1">(not (and aboyer bruyamment))</ind>
					</individuals>
					<relations>
						<rel name="Sujet" from="v1" to="e1"/>
					</relations>
				</dl>
			</t>
			<h>
				<fr>Le chien aboie bruyamment.(pl)</fr>
				<dl>
					<individuals>
						<ind name="e1">chien</ind>
						<ind name="v1">(and aboyer bruyamment)</ind>
					</individuals>
					<relations>
						<rel name="Sujet" from="v1" to="e1"/>
					</relations>
				</dl>
			</h>
		</pair>
		<pair id="test" value="diff" type="Cir" src="cg">
			<t>
				<fr>Le chien n'aboie pas(pl)</fr>
				<dl>
					<individuals>
						<ind name="e1">chien</ind>
						<ind name="v1">(not aboyer)</ind>
					</individuals>
					<relations>
						<rel name="Sujet" from="v1" to="e1"/>
					</relations>
				</dl>
			</t>
			<h>
				<fr>Le chien aboie.(pl)</fr>
				<dl>
					<individuals>
						<ind name="e1">chien</ind>
						<ind name="v1">aboyer</ind>
					</individuals>
					<relations>
						<rel name="Sujet" from="v1" to="e1"/>
					</relations>
				</dl>
			</h>
		</pair>
		<pair id="test" value="diff" type="Cir" src="cg">
			<t>
				<fr>Le chien n'aboie pas(pl)</fr>
				<dl>
					<individuals>
						<ind name="e1">chien</ind>
						<ind name="v1">(not aboyer)</ind>
					</individuals>
					<relations>
						<rel name="Sujet" from="v1" to="e1"/>
					</relations>
				</dl>
			</t>
			<h>
				<fr>Le chien aboie bruyamment.(pl)</fr>
				<dl>
					<individuals>
						<ind name="e1">chien</ind>
						<ind name="v1">(and aboye bruyamment)</ind>
					</individuals>
					<relations>
						<rel name="Sujet" from="v1" to="e1"/>
					</relations>
				</dl>
			</h>
		</pair>
	</pairs>
</entailment-corpus>